FASTQ filename Read 1	FASTQ filename Read 2	shRNA pool	Treatment	5' sequence to trim (R1)	3' sequence to trim (R1)	5' sequence to trim (R2)	3' sequence to trim (R2)
23_20161208000_S23_L008_R1_001.fastq.gz	23_20161208000_S23_L008_R2_001.fastq.gz	shRNA1	VEH	AACCCAACAGAAGGCTAAAGAAGGTATATTGCTGTTGACAGTGAGCG	TAGTGAAGCCACAGATGTA	CTTGAATTCCGAGGCAGTAGGCA	TACATCTGTGGCTTCACTA
24_20161208000_S24_L008_R1_001.fastq.gz	24_20161208000_S24_L008_R2_001.fastq.gz	shRNA1	VEH	AACCCAACAGAAGGCTAAAGAAGGTATATTGCTGTTGACAGTGAGCG	TAGTGAAGCCACAGATGTA	CTTGAATTCCGAGGCAGTAGGCA	TACATCTGTGGCTTCACTA
25_20161208000_S25_L008_R1_001.fastq.gz	25_20161208000_S25_L008_R2_001.fastq.gz	shRNA1	VEH	AACCCAACAGAAGGCTAAAGAAGGTATATTGCTGTTGACAGTGAGCG	TAGTGAAGCCACAGATGTA	CTTGAATTCCGAGGCAGTAGGCA	TACATCTGTGGCTTCACTA
26_20161208000_S26_L008_R1_001.fastq.gz	26_20161208000_S26_L008_R2_001.fastq.gz	shRNA1	VEH	AACCCAACAGAAGGCTAAAGAAGGTATATTGCTGTTGACAGTGAGCG	TAGTGAAGCCACAGATGTA	CTTGAATTCCGAGGCAGTAGGCA	TACATCTGTGGCTTCACTA
27_20161208000_S27_L008_R1_001.fastq.gz	27_20161208000_S27_L008_R2_001.fastq.gz	shRNA1	VEH	AACCCAACAGAAGGCTAAAGAAGGTATATTGCTGTTGACAGTGAGCG	TAGTGAAGCCACAGATGTA	CTTGAATTCCGAGGCAGTAGGCA	TACATCTGTGGCTTCACTA
28_20161208000_S28_L008_R1_001.fastq.gz	28_20161208000_S28_L008_R2_001.fastq.gz	shRNA1	VEH	AACCCAACAGAAGGCTAAAGAAGGTATATTGCTGTTGACAGTGAGCG	TAGTGAAGCCACAGATGTA	CTTGAATTCCGAGGCAGTAGGCA	TACATCTGTGGCTTCACTA
29_20161208000_S29_L008_R1_001.fastq.gz	29_20161208000_S29_L008_R2_001.fastq.gz	shRNA2	VEH	AACCCAACAGAAGGCTAAAGAAGGTATATTGCTGTTGACAGTGAGCG	TAGTGAAGCCACAGATGTA	CTTGAATTCCGAGGCAGTAGGCA	TACATCTGTGGCTTCACTA
30_20161208000_S30_L008_R1_001.fastq.gz	30_20161208000_S30_L008_R2_001.fastq.gz	shRNA2	VEH	AACCCAACAGAAGGCTAAAGAAGGTATATTGCTGTTGACAGTGAGCG	TAGTGAAGCCACAGATGTA	CTTGAATTCCGAGGCAGTAGGCA	TACATCTGTGGCTTCACTA
31_20161208000_S31_L008_R1_001.fastq.gz	31_20161208000_S31_L008_R2_001.fastq.gz	shRNA2	VEH	AACCCAACAGAAGGCTAAAGAAGGTATATTGCTGTTGACAGTGAGCG	TAGTGAAGCCACAGATGTA	CTTGAATTCCGAGGCAGTAGGCA	TACATCTGTGGCTTCACTA
32_20161208000_S32_L008_R1_001.fastq.gz	32_20161208000_S32_L008_R2_001.fastq.gz	shRNA2	VEH	AACCCAACAGAAGGCTAAAGAAGGTATATTGCTGTTGACAGTGAGCG	TAGTGAAGCCACAGATGTA	CTTGAATTCCGAGGCAGTAGGCA	TACATCTGTGGCTTCACTA
33_20161208000_S33_L008_R1_001.fastq.gz	33_20161208000_S33_L008_R2_001.fastq.gz	shRNA2	VEH	AACCCAACAGAAGGCTAAAGAAGGTATATTGCTGTTGACAGTGAGCG	TAGTGAAGCCACAGATGTA	CTTGAATTCCGAGGCAGTAGGCA	TACATCTGTGGCTTCACTA
34_20161208000_S34_L008_R1_001.fastq.gz	34_20161208000_S34_L008_R2_001.fastq.gz	shRNA2	VEH	AACCCAACAGAAGGCTAAAGAAGGTATATTGCTGTTGACAGTGAGCG	TAGTGAAGCCACAGATGTA	CTTGAATTCCGAGGCAGTAGGCA	TACATCTGTGGCTTCACTA
35_20161208000_S35_L008_R1_001.fastq.gz	35_20161208000_S35_L008_R2_001.fastq.gz	shRNA1	VEM	AACCCAACAGAAGGCTAAAGAAGGTATATTGCTGTTGACAGTGAGCG	TAGTGAAGCCACAGATGTA	CTTGAATTCCGAGGCAGTAGGCA	TACATCTGTGGCTTCACTA
36_20161208000_S36_L008_R1_001.fastq.gz	36_20161208000_S36_L008_R2_001.fastq.gz	shRNA1	VEM	AACCCAACAGAAGGCTAAAGAAGGTATATTGCTGTTGACAGTGAGCG	TAGTGAAGCCACAGATGTA	CTTGAATTCCGAGGCAGTAGGCA	TACATCTGTGGCTTCACTA
37_20161208000_S37_L008_R1_001.fastq.gz	37_20161208000_S37_L008_R2_001.fastq.gz	shRNA1	VEM	AACCCAACAGAAGGCTAAAGAAGGTATATTGCTGTTGACAGTGAGCG	TAGTGAAGCCACAGATGTA	CTTGAATTCCGAGGCAGTAGGCA	TACATCTGTGGCTTCACTA
38_20161208000_S38_L008_R1_001.fastq.gz	38_20161208000_S38_L008_R2_001.fastq.gz	shRNA1	VEM	AACCCAACAGAAGGCTAAAGAAGGTATATTGCTGTTGACAGTGAGCG	TAGTGAAGCCACAGATGTA	CTTGAATTCCGAGGCAGTAGGCA	TACATCTGTGGCTTCACTA
39_20161208000_S39_L008_R1_001.fastq.gz	39_20161208000_S39_L008_R2_001.fastq.gz	shRNA1	VEM	AACCCAACAGAAGGCTAAAGAAGGTATATTGCTGTTGACAGTGAGCG	TAGTGAAGCCACAGATGTA	CTTGAATTCCGAGGCAGTAGGCA	TACATCTGTGGCTTCACTA
40_20161208000_S40_L008_R1_001.fastq.gz	40_20161208000_S40_L008_R2_001.fastq.gz	shRNA1	VEM	AACCCAACAGAAGGCTAAAGAAGGTATATTGCTGTTGACAGTGAGCG	TAGTGAAGCCACAGATGTA	CTTGAATTCCGAGGCAGTAGGCA	TACATCTGTGGCTTCACTA
41_20161208000_S41_L008_R1_001.fastq.gz	41_20161208000_S41_L008_R2_001.fastq.gz	shRNA2	VEM	AACCCAACAGAAGGCTAAAGAAGGTATATTGCTGTTGACAGTGAGCG	TAGTGAAGCCACAGATGTA	CTTGAATTCCGAGGCAGTAGGCA	TACATCTGTGGCTTCACTA
42_20161208000_S42_L008_R1_001.fastq.gz	42_20161208000_S42_L008_R2_001.fastq.gz	shRNA2	VEM	AACCCAACAGAAGGCTAAAGAAGGTATATTGCTGTTGACAGTGAGCG	TAGTGAAGCCACAGATGTA	CTTGAATTCCGAGGCAGTAGGCA	TACATCTGTGGCTTCACTA
43_20161208000_S43_L008_R1_001.fastq.gz	43_20161208000_S43_L008_R2_001.fastq.gz	shRNA2	VEM	AACCCAACAGAAGGCTAAAGAAGGTATATTGCTGTTGACAGTGAGCG	TAGTGAAGCCACAGATGTA	CTTGAATTCCGAGGCAGTAGGCA	TACATCTGTGGCTTCACTA
44_20161208000_S44_L008_R1_001.fastq.gz	44_20161208000_S44_L008_R2_001.fastq.gz	shRNA2	VEM	AACCCAACAGAAGGCTAAAGAAGGTATATTGCTGTTGACAGTGAGCG	TAGTGAAGCCACAGATGTA	CTTGAATTCCGAGGCAGTAGGCA	TACATCTGTGGCTTCACTA
45_20161208000_S45_L008_R1_001.fastq.gz	45_20161208000_S45_L008_R2_001.fastq.gz	shRNA2	VEM	AACCCAACAGAAGGCTAAAGAAGGTATATTGCTGTTGACAGTGAGCG	TAGTGAAGCCACAGATGTA	CTTGAATTCCGAGGCAGTAGGCA	TACATCTGTGGCTTCACTA
46_20161208000_S46_L008_R1_001.fastq.gz	46_20161208000_S46_L008_R2_001.fastq.gz	shRNA2	VEM	AACCCAACAGAAGGCTAAAGAAGGTATATTGCTGTTGACAGTGAGCG	TAGTGAAGCCACAGATGTA	CTTGAATTCCGAGGCAGTAGGCA	TACATCTGTGGCTTCACTA
47_20161208000_S47_L008_R1_001.fastq.gz	47_20161208000_S47_L008_R2_001.fastq.gz	shRNA3	VEH	AACCCAACAGAAGGCTAAAGAAGGTATATTGCTGTTGACAGTGAGCG	TAGTGAAGCCACAGATGTA	CTTGAATTCCGAGGCAGTAGGCA	TACATCTGTGGCTTCACTA
48_20161208000_S48_L008_R1_001.fastq.gz	48_20161208000_S48_L008_R2_001.fastq.gz	shRNA3	VEH	AACCCAACAGAAGGCTAAAGAAGGTATATTGCTGTTGACAGTGAGCG	TAGTGAAGCCACAGATGTA	CTTGAATTCCGAGGCAGTAGGCA	TACATCTGTGGCTTCACTA
49_20161208000_S49_L008_R1_001.fastq.gz	49_20161208000_S49_L008_R2_001.fastq.gz	shRNA3	VEH	AACCCAACAGAAGGCTAAAGAAGGTATATTGCTGTTGACAGTGAGCG	TAGTGAAGCCACAGATGTA	CTTGAATTCCGAGGCAGTAGGCA	TACATCTGTGGCTTCACTA
50_20161208000_S50_L008_R1_001.fastq.gz	50_20161208000_S50_L008_R2_001.fastq.gz	shRNA3	VEH	AACCCAACAGAAGGCTAAAGAAGGTATATTGCTGTTGACAGTGAGCG	TAGTGAAGCCACAGATGTA	CTTGAATTCCGAGGCAGTAGGCA	TACATCTGTGGCTTCACTA
51_20161208000_S51_L008_R1_001.fastq.gz	51_20161208000_S51_L008_R2_001.fastq.gz	shRNA3	VEH	AACCCAACAGAAGGCTAAAGAAGGTATATTGCTGTTGACAGTGAGCG	TAGTGAAGCCACAGATGTA	CTTGAATTCCGAGGCAGTAGGCA	TACATCTGTGGCTTCACTA
52_20161208000_S52_L008_R1_001.fastq.gz	52_20161208000_S52_L008_R2_001.fastq.gz	shRNA3	VEH	AACCCAACAGAAGGCTAAAGAAGGTATATTGCTGTTGACAGTGAGCG	TAGTGAAGCCACAGATGTA	CTTGAATTCCGAGGCAGTAGGCA	TACATCTGTGGCTTCACTA
53_20161208000_S53_L008_R1_001.fastq.gz	53_20161208000_S53_L008_R2_001.fastq.gz	shRNA4	VEH	AACCCAACAGAAGGCTAAAGAAGGTATATTGCTGTTGACAGTGAGCG	TAGTGAAGCCACAGATGTA	CTTGAATTCCGAGGCAGTAGGCA	TACATCTGTGGCTTCACTA
54_20161208000_S54_L008_R1_001.fastq.gz	54_20161208000_S54_L008_R2_001.fastq.gz	shRNA4	VEH	AACCCAACAGAAGGCTAAAGAAGGTATATTGCTGTTGACAGTGAGCG	TAGTGAAGCCACAGATGTA	CTTGAATTCCGAGGCAGTAGGCA	TACATCTGTGGCTTCACTA
55_20161208000_S55_L008_R1_001.fastq.gz	55_20161208000_S55_L008_R2_001.fastq.gz	shRNA4	VEH	AACCCAACAGAAGGCTAAAGAAGGTATATTGCTGTTGACAGTGAGCG	TAGTGAAGCCACAGATGTA	CTTGAATTCCGAGGCAGTAGGCA	TACATCTGTGGCTTCACTA
56_20161208000_S56_L008_R1_001.fastq.gz	56_20161208000_S56_L008_R2_001.fastq.gz	shRNA4	VEH	AACCCAACAGAAGGCTAAAGAAGGTATATTGCTGTTGACAGTGAGCG	TAGTGAAGCCACAGATGTA	CTTGAATTCCGAGGCAGTAGGCA	TACATCTGTGGCTTCACTA
57_20161208000_S57_L008_R1_001.fastq.gz	57_20161208000_S57_L008_R2_001.fastq.gz	shRNA4	VEH	AACCCAACAGAAGGCTAAAGAAGGTATATTGCTGTTGACAGTGAGCG	TAGTGAAGCCACAGATGTA	CTTGAATTCCGAGGCAGTAGGCA	TACATCTGTGGCTTCACTA
58_20161208000_S58_L008_R1_001.fastq.gz	58_20161208000_S58_L008_R2_001.fastq.gz	shRNA4	VEH	AACCCAACAGAAGGCTAAAGAAGGTATATTGCTGTTGACAGTGAGCG	TAGTGAAGCCACAGATGTA	CTTGAATTCCGAGGCAGTAGGCA	TACATCTGTGGCTTCACTA
59_20161208000_S59_L008_R1_001.fastq.gz 59_20161208000_S59_L008_R2_001.fastq.gz shRNA4  VEH     AACCCAACAGAAGGCTAAAGAAGGTATATTGCTGTTGACAGTGAGCG TAGTGAAGCCACAGATGTA     CTTGAATTCCGAGGCAGTAGGCA TACATCTGTGGCTTCACTA
60_20161208000_S60_L008_R1_001.fastq.gz	60_20161208000_S60_L008_R2_001.fastq.gz	shRNA3	VEM	AACCCAACAGAAGGCTAAAGAAGGTATATTGCTGTTGACAGTGAGCG	TAGTGAAGCCACAGATGTA	CTTGAATTCCGAGGCAGTAGGCA	TACATCTGTGGCTTCACTA
61_20161208000_S61_L008_R1_001.fastq.gz	61_20161208000_S61_L008_R2_001.fastq.gz	shRNA3	VEM	AACCCAACAGAAGGCTAAAGAAGGTATATTGCTGTTGACAGTGAGCG	TAGTGAAGCCACAGATGTA	CTTGAATTCCGAGGCAGTAGGCA	TACATCTGTGGCTTCACTA
62_20161208000_S62_L008_R1_001.fastq.gz	62_20161208000_S62_L008_R2_001.fastq.gz	shRNA3	VEM	AACCCAACAGAAGGCTAAAGAAGGTATATTGCTGTTGACAGTGAGCG	TAGTGAAGCCACAGATGTA	CTTGAATTCCGAGGCAGTAGGCA	TACATCTGTGGCTTCACTA
63_20161208000_S63_L008_R1_001.fastq.gz	63_20161208000_S63_L008_R2_001.fastq.gz	shRNA4	VEM	AACCCAACAGAAGGCTAAAGAAGGTATATTGCTGTTGACAGTGAGCG	TAGTGAAGCCACAGATGTA	CTTGAATTCCGAGGCAGTAGGCA	TACATCTGTGGCTTCACTA
64_20161208000_S64_L008_R1_001.fastq.gz	64_20161208000_S64_L008_R2_001.fastq.gz	shRNA3	VEM	AACCCAACAGAAGGCTAAAGAAGGTATATTGCTGTTGACAGTGAGCG	TAGTGAAGCCACAGATGTA	CTTGAATTCCGAGGCAGTAGGCA	TACATCTGTGGCTTCACTA
65_20161208000_S65_L008_R1_001.fastq.gz	65_20161208000_S65_L008_R2_001.fastq.gz	shRNA4	VEM	AACCCAACAGAAGGCTAAAGAAGGTATATTGCTGTTGACAGTGAGCG	TAGTGAAGCCACAGATGTA	CTTGAATTCCGAGGCAGTAGGCA	TACATCTGTGGCTTCACTA
66_20161208000_S66_L008_R1_001.fastq.gz	66_20161208000_S66_L008_R2_001.fastq.gz	shRNA4	VEM	AACCCAACAGAAGGCTAAAGAAGGTATATTGCTGTTGACAGTGAGCG	TAGTGAAGCCACAGATGTA	CTTGAATTCCGAGGCAGTAGGCA	TACATCTGTGGCTTCACTA
67_20161208000_S67_L008_R1_001.fastq.gz	67_20161208000_S67_L008_R2_001.fastq.gz	shRNA4	VEM	AACCCAACAGAAGGCTAAAGAAGGTATATTGCTGTTGACAGTGAGCG	TAGTGAAGCCACAGATGTA	CTTGAATTCCGAGGCAGTAGGCA	TACATCTGTGGCTTCACTA
68_20161208000_S68_L008_R1_001.fastq.gz	68_20161208000_S68_L008_R2_001.fastq.gz	shRNA4	VEM	AACCCAACAGAAGGCTAAAGAAGGTATATTGCTGTTGACAGTGAGCG	TAGTGAAGCCACAGATGTA	CTTGAATTCCGAGGCAGTAGGCA	TACATCTGTGGCTTCACTA
69_20161208000_S69_L008_R1_001.fastq.gz	69_20161208000_S69_L008_R2_001.fastq.gz	shRNA4	VEM	AACCCAACAGAAGGCTAAAGAAGGTATATTGCTGTTGACAGTGAGCG	TAGTGAAGCCACAGATGTA	CTTGAATTCCGAGGCAGTAGGCA	TACATCTGTGGCTTCACTA
70_20161208000_S70_L008_R1_001.fastq.gz	70_20161208000_S70_L008_R2_001.fastq.gz	shRNA5	VEH	AACCCAACAGAAGGCTAAAGAAGGTATATTGCTGTTGACAGTGAGCG	TAGTGAAGCCACAGATGTA	CTTGAATTCCGAGGCAGTAGGCA	TACATCTGTGGCTTCACTA
71_20161208000_S71_L008_R1_001.fastq.gz	71_20161208000_S71_L008_R2_001.fastq.gz	shRNA5	VEH	AACCCAACAGAAGGCTAAAGAAGGTATATTGCTGTTGACAGTGAGCG	TAGTGAAGCCACAGATGTA	CTTGAATTCCGAGGCAGTAGGCA	TACATCTGTGGCTTCACTA
72_20161208000_S72_L008_R1_001.fastq.gz	72_20161208000_S72_L008_R2_001.fastq.gz	shRNA5	VEH	AACCCAACAGAAGGCTAAAGAAGGTATATTGCTGTTGACAGTGAGCG	TAGTGAAGCCACAGATGTA	CTTGAATTCCGAGGCAGTAGGCA	TACATCTGTGGCTTCACTA
73_20161208000_S73_L008_R1_001.fastq.gz	73_20161208000_S73_L008_R2_001.fastq.gz	shRNA5	VEH	AACCCAACAGAAGGCTAAAGAAGGTATATTGCTGTTGACAGTGAGCG	TAGTGAAGCCACAGATGTA	CTTGAATTCCGAGGCAGTAGGCA	TACATCTGTGGCTTCACTA
74_20161208000_S74_L008_R1_001.fastq.gz	74_20161208000_S74_L008_R2_001.fastq.gz	shRNA5	VEH	AACCCAACAGAAGGCTAAAGAAGGTATATTGCTGTTGACAGTGAGCG	TAGTGAAGCCACAGATGTA	CTTGAATTCCGAGGCAGTAGGCA	TACATCTGTGGCTTCACTA
75_20161208000_S75_L008_R1_001.fastq.gz	75_20161208000_S75_L008_R2_001.fastq.gz	shRNA5	VEH	AACCCAACAGAAGGCTAAAGAAGGTATATTGCTGTTGACAGTGAGCG	TAGTGAAGCCACAGATGTA	CTTGAATTCCGAGGCAGTAGGCA	TACATCTGTGGCTTCACTA
76_20161208000_S76_L008_R1_001.fastq.gz	76_20161208000_S76_L008_R2_001.fastq.gz	shRNA6	VEH	AACCCAACAGAAGGCTAAAGAAGGTATATTGCTGTTGACAGTGAGCG	TAGTGAAGCCACAGATGTA	CTTGAATTCCGAGGCAGTAGGCA	TACATCTGTGGCTTCACTA
77_20161208000_S77_L008_R1_001.fastq.gz	77_20161208000_S77_L008_R2_001.fastq.gz	shRNA6	VEH	AACCCAACAGAAGGCTAAAGAAGGTATATTGCTGTTGACAGTGAGCG	TAGTGAAGCCACAGATGTA	CTTGAATTCCGAGGCAGTAGGCA	TACATCTGTGGCTTCACTA
78_20161208000_S78_L008_R1_001.fastq.gz	78_20161208000_S78_L008_R2_001.fastq.gz	shRNA6	VEH	AACCCAACAGAAGGCTAAAGAAGGTATATTGCTGTTGACAGTGAGCG	TAGTGAAGCCACAGATGTA	CTTGAATTCCGAGGCAGTAGGCA	TACATCTGTGGCTTCACTA
79_20161208000_S79_L008_R1_001.fastq.gz	79_20161208000_S79_L008_R2_001.fastq.gz	shRNA6	VEH	AACCCAACAGAAGGCTAAAGAAGGTATATTGCTGTTGACAGTGAGCG	TAGTGAAGCCACAGATGTA	CTTGAATTCCGAGGCAGTAGGCA	TACATCTGTGGCTTCACTA
80_20161208000_S80_L008_R1_001.fastq.gz	80_20161208000_S80_L008_R2_001.fastq.gz	shRNA6	VEH	AACCCAACAGAAGGCTAAAGAAGGTATATTGCTGTTGACAGTGAGCG	TAGTGAAGCCACAGATGTA	CTTGAATTCCGAGGCAGTAGGCA	TACATCTGTGGCTTCACTA
81_20161208000_S81_L008_R1_001.fastq.gz	81_20161208000_S81_L008_R2_001.fastq.gz	shRNA6	VEH	AACCCAACAGAAGGCTAAAGAAGGTATATTGCTGTTGACAGTGAGCG	TAGTGAAGCCACAGATGTA	CTTGAATTCCGAGGCAGTAGGCA	TACATCTGTGGCTTCACTA
82_20161208000_S82_L008_R1_001.fastq.gz	82_20161208000_S82_L008_R2_001.fastq.gz	shRNA5	VEM	CTTGAATTCCGAGGCAGTAGGCA	TACATCTGTGGCTTCACTA	AACCCAACAGAAGGCTAAAGAAGGTATATTGCTGTTGACAGTGAGCG	TAGTGAAGCCACAGATGTA
83_20161208000_S83_L008_R1_001.fastq.gz	83_20161208000_S83_L008_R2_001.fastq.gz	shRNA5	VEM	CTTGAATTCCGAGGCAGTAGGCA	TACATCTGTGGCTTCACTA	AACCCAACAGAAGGCTAAAGAAGGTATATTGCTGTTGACAGTGAGCG	TAGTGAAGCCACAGATGTA
84_20161208000_S84_L008_R1_001.fastq.gz	84_20161208000_S84_L008_R2_001.fastq.gz	shRNA5	VEM	CTTGAATTCCGAGGCAGTAGGCA	TACATCTGTGGCTTCACTA	AACCCAACAGAAGGCTAAAGAAGGTATATTGCTGTTGACAGTGAGCG	TAGTGAAGCCACAGATGTA
85_20161208000_S85_L008_R1_001.fastq.gz	85_20161208000_S85_L008_R2_001.fastq.gz	shRNA5	VEM	CTTGAATTCCGAGGCAGTAGGCA	TACATCTGTGGCTTCACTA	AACCCAACAGAAGGCTAAAGAAGGTATATTGCTGTTGACAGTGAGCG	TAGTGAAGCCACAGATGTA
86_20161208000_S86_L008_R1_001.fastq.gz	86_20161208000_S86_L008_R2_001.fastq.gz	shRNA5	VEM	CTTGAATTCCGAGGCAGTAGGCA	TACATCTGTGGCTTCACTA	AACCCAACAGAAGGCTAAAGAAGGTATATTGCTGTTGACAGTGAGCG	TAGTGAAGCCACAGATGTA
87_20161208000_S87_L008_R1_001.fastq.gz	87_20161208000_S87_L008_R2_001.fastq.gz	shRNA5	VEM	CTTGAATTCCGAGGCAGTAGGCA	TACATCTGTGGCTTCACTA	AACCCAACAGAAGGCTAAAGAAGGTATATTGCTGTTGACAGTGAGCG	TAGTGAAGCCACAGATGTA
88_20161208000_S88_L008_R1_001.fastq.gz	88_20161208000_S88_L008_R2_001.fastq.gz	shRNA6	VEM	CTTGAATTCCGAGGCAGTAGGCA	TACATCTGTGGCTTCACTA	AACCCAACAGAAGGCTAAAGAAGGTATATTGCTGTTGACAGTGAGCG	TAGTGAAGCCACAGATGTA
89_20161208000_S89_L008_R1_001.fastq.gz	89_20161208000_S89_L008_R2_001.fastq.gz	shRNA6	VEM	CTTGAATTCCGAGGCAGTAGGCA	TACATCTGTGGCTTCACTA	AACCCAACAGAAGGCTAAAGAAGGTATATTGCTGTTGACAGTGAGCG	TAGTGAAGCCACAGATGTA
90_20161208000_S90_L008_R1_001.fastq.gz	90_20161208000_S90_L008_R2_001.fastq.gz	shRNA6	VEM	CTTGAATTCCGAGGCAGTAGGCA	TACATCTGTGGCTTCACTA	AACCCAACAGAAGGCTAAAGAAGGTATATTGCTGTTGACAGTGAGCG	TAGTGAAGCCACAGATGTA
91_20161208000_S91_L008_R1_001.fastq.gz	91_20161208000_S91_L008_R2_001.fastq.gz	shRNA6	VEM	CTTGAATTCCGAGGCAGTAGGCA	TACATCTGTGGCTTCACTA	AACCCAACAGAAGGCTAAAGAAGGTATATTGCTGTTGACAGTGAGCG	TAGTGAAGCCACAGATGTA
92_20161208000_S92_L008_R1_001.fastq.gz	92_20161208000_S92_L008_R2_001.fastq.gz	shRNA6	VEM	CTTGAATTCCGAGGCAGTAGGCA	TACATCTGTGGCTTCACTA	AACCCAACAGAAGGCTAAAGAAGGTATATTGCTGTTGACAGTGAGCG	TAGTGAAGCCACAGATGTA
93_20161208000_S93_L008_R1_001.fastq.gz	93_20161208000_S93_L008_R2_001.fastq.gz	shRNA6	VEM	CTTGAATTCCGAGGCAGTAGGCA	TACATCTGTGGCTTCACTA	AACCCAACAGAAGGCTAAAGAAGGTATATTGCTGTTGACAGTGAGCG	TAGTGAAGCCACAGATGTA
94_20161208000_S94_L008_R1_001.fastq.gz	94_20161208000_S94_L008_R2_001.fastq.gz	shRNA7	VEH	CTTGAATTCCGAGGCAGTAGGCA	TACATCTGTGGCTTCACTA	AACCCAACAGAAGGCTAAAGAAGGTATATTGCTGTTGACAGTGAGCG	TAGTGAAGCCACAGATGTA
95_20161208000_S95_L008_R1_001.fastq.gz	95_20161208000_S95_L008_R2_001.fastq.gz	shRNA7	VEH	CTTGAATTCCGAGGCAGTAGGCA	TACATCTGTGGCTTCACTA	AACCCAACAGAAGGCTAAAGAAGGTATATTGCTGTTGACAGTGAGCG	TAGTGAAGCCACAGATGTA
96_20161208000_S96_L008_R1_001.fastq.gz	96_20161208000_S96_L008_R2_001.fastq.gz	shRNA7	VEH	CTTGAATTCCGAGGCAGTAGGCA	TACATCTGTGGCTTCACTA	AACCCAACAGAAGGCTAAAGAAGGTATATTGCTGTTGACAGTGAGCG	TAGTGAAGCCACAGATGTA
97_20161208000_S97_L008_R1_001.fastq.gz	97_20161208000_S97_L008_R2_001.fastq.gz	shRNA7	VEH	CTTGAATTCCGAGGCAGTAGGCA	TACATCTGTGGCTTCACTA	AACCCAACAGAAGGCTAAAGAAGGTATATTGCTGTTGACAGTGAGCG	TAGTGAAGCCACAGATGTA
98_20161208000_S98_L008_R1_001.fastq.gz	98_20161208000_S98_L008_R2_001.fastq.gz	shRNA7	VEH	CTTGAATTCCGAGGCAGTAGGCA	TACATCTGTGGCTTCACTA	AACCCAACAGAAGGCTAAAGAAGGTATATTGCTGTTGACAGTGAGCG	TAGTGAAGCCACAGATGTA
99_20161208000_S99_L008_R1_001.fastq.gz	99_20161208000_S99_L008_R2_001.fastq.gz	shRNA7	VEH	CTTGAATTCCGAGGCAGTAGGCA	TACATCTGTGGCTTCACTA	AACCCAACAGAAGGCTAAAGAAGGTATATTGCTGTTGACAGTGAGCG	TAGTGAAGCCACAGATGTA
100_20161208000_S100_L008_R1_001.fastq.gz	100_20161208000_S100_L008_R2_001.fastq.gz	shRNA8	VEH	CTTGAATTCCGAGGCAGTAGGCA	TACATCTGTGGCTTCACTA	AACCCAACAGAAGGCTAAAGAAGGTATATTGCTGTTGACAGTGAGCG	TAGTGAAGCCACAGATGTA
101_20161208000_S101_L008_R1_001.fastq.gz	101_20161208000_S101_L008_R2_001.fastq.gz	shRNA8	VEH	CTTGAATTCCGAGGCAGTAGGCA	TACATCTGTGGCTTCACTA	AACCCAACAGAAGGCTAAAGAAGGTATATTGCTGTTGACAGTGAGCG	TAGTGAAGCCACAGATGTA
102_20161208000_S102_L008_R1_001.fastq.gz	102_20161208000_S102_L008_R2_001.fastq.gz	shRNA8	VEH	CTTGAATTCCGAGGCAGTAGGCA	TACATCTGTGGCTTCACTA	AACCCAACAGAAGGCTAAAGAAGGTATATTGCTGTTGACAGTGAGCG	TAGTGAAGCCACAGATGTA
103_20161208000_S103_L008_R1_001.fastq.gz	103_20161208000_S103_L008_R2_001.fastq.gz	shRNA8	VEH	CTTGAATTCCGAGGCAGTAGGCA	TACATCTGTGGCTTCACTA	AACCCAACAGAAGGCTAAAGAAGGTATATTGCTGTTGACAGTGAGCG	TAGTGAAGCCACAGATGTA
104_20161208000_S104_L008_R1_001.fastq.gz	104_20161208000_S104_L008_R2_001.fastq.gz	shRNA8	VEH	CTTGAATTCCGAGGCAGTAGGCA	TACATCTGTGGCTTCACTA	AACCCAACAGAAGGCTAAAGAAGGTATATTGCTGTTGACAGTGAGCG	TAGTGAAGCCACAGATGTA
105_20161208000_S105_L008_R1_001.fastq.gz	105_20161208000_S105_L008_R2_001.fastq.gz	shRNA8	VEH	CTTGAATTCCGAGGCAGTAGGCA	TACATCTGTGGCTTCACTA	AACCCAACAGAAGGCTAAAGAAGGTATATTGCTGTTGACAGTGAGCG	TAGTGAAGCCACAGATGTA
106_20161208000_S106_L008_R1_001.fastq.gz	106_20161208000_S106_L008_R2_001.fastq.gz	shRNA7	VEM	CTTGAATTCCGAGGCAGTAGGCA	TACATCTGTGGCTTCACTA	AACCCAACAGAAGGCTAAAGAAGGTATATTGCTGTTGACAGTGAGCG	TAGTGAAGCCACAGATGTA
107_20161208000_S107_L008_R1_001.fastq.gz	107_20161208000_S107_L008_R2_001.fastq.gz	shRNA7	VEM	CTTGAATTCCGAGGCAGTAGGCA	TACATCTGTGGCTTCACTA	AACCCAACAGAAGGCTAAAGAAGGTATATTGCTGTTGACAGTGAGCG	TAGTGAAGCCACAGATGTA
108_20161208000_S108_L008_R1_001.fastq.gz	108_20161208000_S108_L008_R2_001.fastq.gz	shRNA7	VEM	CTTGAATTCCGAGGCAGTAGGCA	TACATCTGTGGCTTCACTA	AACCCAACAGAAGGCTAAAGAAGGTATATTGCTGTTGACAGTGAGCG	TAGTGAAGCCACAGATGTA
109_20161208000_S109_L008_R1_001.fastq.gz	109_20161208000_S109_L008_R2_001.fastq.gz	shRNA7	VEM	CTTGAATTCCGAGGCAGTAGGCA	TACATCTGTGGCTTCACTA	AACCCAACAGAAGGCTAAAGAAGGTATATTGCTGTTGACAGTGAGCG	TAGTGAAGCCACAGATGTA
110_20161208000_S110_L008_R1_001.fastq.gz	110_20161208000_S110_L008_R2_001.fastq.gz	shRNA7	VEM	CTTGAATTCCGAGGCAGTAGGCA	TACATCTGTGGCTTCACTA	AACCCAACAGAAGGCTAAAGAAGGTATATTGCTGTTGACAGTGAGCG	TAGTGAAGCCACAGATGTA
111_20161208000_S111_L008_R1_001.fastq.gz	111_20161208000_S111_L008_R2_001.fastq.gz	shRNA7	VEM	CTTGAATTCCGAGGCAGTAGGCA	TACATCTGTGGCTTCACTA	AACCCAACAGAAGGCTAAAGAAGGTATATTGCTGTTGACAGTGAGCG	TAGTGAAGCCACAGATGTA
112_20161208000_S112_L008_R1_001.fastq.gz	112_20161208000_S112_L008_R2_001.fastq.gz	shRNA8	VEM	CTTGAATTCCGAGGCAGTAGGCA	TACATCTGTGGCTTCACTA	AACCCAACAGAAGGCTAAAGAAGGTATATTGCTGTTGACAGTGAGCG	TAGTGAAGCCACAGATGTA
113_20161208000_S113_L008_R1_001.fastq.gz	113_20161208000_S113_L008_R2_001.fastq.gz	shRNA8	VEM	CTTGAATTCCGAGGCAGTAGGCA	TACATCTGTGGCTTCACTA	AACCCAACAGAAGGCTAAAGAAGGTATATTGCTGTTGACAGTGAGCG	TAGTGAAGCCACAGATGTA
114_20161208000_S114_L008_R1_001.fastq.gz	114_20161208000_S114_L008_R2_001.fastq.gz	shRNA8	VEM	CTTGAATTCCGAGGCAGTAGGCA	TACATCTGTGGCTTCACTA	AACCCAACAGAAGGCTAAAGAAGGTATATTGCTGTTGACAGTGAGCG	TAGTGAAGCCACAGATGTA
115_20161208000_S115_L008_R1_001.fastq.gz	115_20161208000_S115_L008_R2_001.fastq.gz	shRNA8	VEM	CTTGAATTCCGAGGCAGTAGGCA	TACATCTGTGGCTTCACTA	AACCCAACAGAAGGCTAAAGAAGGTATATTGCTGTTGACAGTGAGCG	TAGTGAAGCCACAGATGTA
116_20161208000_S116_L008_R1_001.fastq.gz	116_20161208000_S116_L008_R2_001.fastq.gz	shRNA8	VEM	CTTGAATTCCGAGGCAGTAGGCA	TACATCTGTGGCTTCACTA	AACCCAACAGAAGGCTAAAGAAGGTATATTGCTGTTGACAGTGAGCG	TAGTGAAGCCACAGATGTA
117_20161208000_S117_L008_R1_001.fastq.gz	117_20161208000_S117_L008_R2_001.fastq.gz	shRNA8	VEM	CTTGAATTCCGAGGCAGTAGGCA	TACATCTGTGGCTTCACTA	AACCCAACAGAAGGCTAAAGAAGGTATATTGCTGTTGACAGTGAGCG	TAGTGAAGCCACAGATGTA
118_20161208000_S118_L008_R1_001.fastq.gz	118_20161208000_S118_L008_R2_001.fastq.gz	shRNA9	VEH	CTTGAATTCCGAGGCAGTAGGCA	TACATCTGTGGCTTCACTA	AACCCAACAGAAGGCTAAAGAAGGTATATTGCTGTTGACAGTGAGCG	TAGTGAAGCCACAGATGTA
119_20161208000_S119_L008_R1_001.fastq.gz	119_20161208000_S119_L008_R2_001.fastq.gz	shRNA9	VEH	CTTGAATTCCGAGGCAGTAGGCA	TACATCTGTGGCTTCACTA	AACCCAACAGAAGGCTAAAGAAGGTATATTGCTGTTGACAGTGAGCG	TAGTGAAGCCACAGATGTA
120_20161208000_S120_L008_R1_001.fastq.gz	120_20161208000_S120_L008_R2_001.fastq.gz	shRNA9	VEH	CTTGAATTCCGAGGCAGTAGGCA	TACATCTGTGGCTTCACTA	AACCCAACAGAAGGCTAAAGAAGGTATATTGCTGTTGACAGTGAGCG	TAGTGAAGCCACAGATGTA
121_20161208000_S121_L008_R1_001.fastq.gz	121_20161208000_S121_L008_R2_001.fastq.gz	shRNA9	VEH	CTTGAATTCCGAGGCAGTAGGCA	TACATCTGTGGCTTCACTA	AACCCAACAGAAGGCTAAAGAAGGTATATTGCTGTTGACAGTGAGCG	TAGTGAAGCCACAGATGTA
122_20161208000_S122_L008_R1_001.fastq.gz	122_20161208000_S122_L008_R2_001.fastq.gz	shRNA9	VEH	CTTGAATTCCGAGGCAGTAGGCA	TACATCTGTGGCTTCACTA	AACCCAACAGAAGGCTAAAGAAGGTATATTGCTGTTGACAGTGAGCG	TAGTGAAGCCACAGATGTA
123_20161208000_S123_L008_R1_001.fastq.gz	123_20161208000_S123_L008_R2_001.fastq.gz	shRNA9	VEH	CTTGAATTCCGAGGCAGTAGGCA	TACATCTGTGGCTTCACTA	AACCCAACAGAAGGCTAAAGAAGGTATATTGCTGTTGACAGTGAGCG	TAGTGAAGCCACAGATGTA
124_20161208000_S124_L008_R1_001.fastq.gz	124_20161208000_S124_L008_R2_001.fastq.gz	shRNA10	VEH	CTTGAATTCCGAGGCAGTAGGCA	TACATCTGTGGCTTCACTA	AACCCAACAGAAGGCTAAAGAAGGTATATTGCTGTTGACAGTGAGCG	TAGTGAAGCCACAGATGTA
125_20161208000_S125_L008_R1_001.fastq.gz	125_20161208000_S125_L008_R2_001.fastq.gz	shRNA10	VEH	CTTGAATTCCGAGGCAGTAGGCA	TACATCTGTGGCTTCACTA	AACCCAACAGAAGGCTAAAGAAGGTATATTGCTGTTGACAGTGAGCG	TAGTGAAGCCACAGATGTA
126_20161208000_S126_L008_R1_001.fastq.gz	126_20161208000_S126_L008_R2_001.fastq.gz	shRNA10	VEH	CTTGAATTCCGAGGCAGTAGGCA	TACATCTGTGGCTTCACTA	AACCCAACAGAAGGCTAAAGAAGGTATATTGCTGTTGACAGTGAGCG	TAGTGAAGCCACAGATGTA
127_20161208000_S127_L008_R1_001.fastq.gz	127_20161208000_S127_L008_R2_001.fastq.gz	shRNA10	VEH	CTTGAATTCCGAGGCAGTAGGCA	TACATCTGTGGCTTCACTA	AACCCAACAGAAGGCTAAAGAAGGTATATTGCTGTTGACAGTGAGCG	TAGTGAAGCCACAGATGTA
128_20161208000_S128_L008_R1_001.fastq.gz	128_20161208000_S128_L008_R2_001.fastq.gz	shRNA10	VEH	CTTGAATTCCGAGGCAGTAGGCA	TACATCTGTGGCTTCACTA	AACCCAACAGAAGGCTAAAGAAGGTATATTGCTGTTGACAGTGAGCG	TAGTGAAGCCACAGATGTA
129_20161208000_S129_L008_R1_001.fastq.gz	129_20161208000_S129_L008_R2_001.fastq.gz	shRNA10	VEH	CTTGAATTCCGAGGCAGTAGGCA	TACATCTGTGGCTTCACTA	AACCCAACAGAAGGCTAAAGAAGGTATATTGCTGTTGACAGTGAGCG	TAGTGAAGCCACAGATGTA
130_20161208000_S130_L008_R1_001.fastq.gz	130_20161208000_S130_L008_R2_001.fastq.gz	shRNA9	VEM	CTTGAATTCCGAGGCAGTAGGCA	TACATCTGTGGCTTCACTA	AACCCAACAGAAGGCTAAAGAAGGTATATTGCTGTTGACAGTGAGCG	TAGTGAAGCCACAGATGTA
131_20161208000_S131_L008_R1_001.fastq.gz	131_20161208000_S131_L008_R2_001.fastq.gz	shRNA9	VEM	CTTGAATTCCGAGGCAGTAGGCA	TACATCTGTGGCTTCACTA	AACCCAACAGAAGGCTAAAGAAGGTATATTGCTGTTGACAGTGAGCG	TAGTGAAGCCACAGATGTA
132_20161208000_S132_L008_R1_001.fastq.gz	132_20161208000_S132_L008_R2_001.fastq.gz	shRNA9	VEM	CTTGAATTCCGAGGCAGTAGGCA	TACATCTGTGGCTTCACTA	AACCCAACAGAAGGCTAAAGAAGGTATATTGCTGTTGACAGTGAGCG	TAGTGAAGCCACAGATGTA
133_20161208000_S133_L008_R1_001.fastq.gz	133_20161208000_S133_L008_R2_001.fastq.gz	shRNA9	VEM	CTTGAATTCCGAGGCAGTAGGCA	TACATCTGTGGCTTCACTA	AACCCAACAGAAGGCTAAAGAAGGTATATTGCTGTTGACAGTGAGCG	TAGTGAAGCCACAGATGTA
134_20161208000_S134_L008_R1_001.fastq.gz	134_20161208000_S134_L008_R2_001.fastq.gz	shRNA9	VEM	CTTGAATTCCGAGGCAGTAGGCA	TACATCTGTGGCTTCACTA	AACCCAACAGAAGGCTAAAGAAGGTATATTGCTGTTGACAGTGAGCG	TAGTGAAGCCACAGATGTA
135_20161208000_S135_L008_R1_001.fastq.gz	135_20161208000_S135_L008_R2_001.fastq.gz	shRNA10	VEM	CTTGAATTCCGAGGCAGTAGGCA	TACATCTGTGGCTTCACTA	AACCCAACAGAAGGCTAAAGAAGGTATATTGCTGTTGACAGTGAGCG	TAGTGAAGCCACAGATGTA
136_20161208000_S136_L008_R1_001.fastq.gz	136_20161208000_S136_L008_R2_001.fastq.gz	shRNA10	VEM	CTTGAATTCCGAGGCAGTAGGCA	TACATCTGTGGCTTCACTA	AACCCAACAGAAGGCTAAAGAAGGTATATTGCTGTTGACAGTGAGCG	TAGTGAAGCCACAGATGTA
137_20161208000_S137_L008_R1_001.fastq.gz	137_20161208000_S137_L008_R2_001.fastq.gz	shRNA10	VEM	CTTGAATTCCGAGGCAGTAGGCA	TACATCTGTGGCTTCACTA	AACCCAACAGAAGGCTAAAGAAGGTATATTGCTGTTGACAGTGAGCG	TAGTGAAGCCACAGATGTA
138_20161208000_S138_L008_R1_001.fastq.gz	138_20161208000_S138_L008_R2_001.fastq.gz	shRNA10	VEM	CTTGAATTCCGAGGCAGTAGGCA	TACATCTGTGGCTTCACTA	AACCCAACAGAAGGCTAAAGAAGGTATATTGCTGTTGACAGTGAGCG	TAGTGAAGCCACAGATGTA
139_20161208000_S139_L008_R1_001.fastq.gz	139_20161208000_S139_L008_R2_001.fastq.gz	shRNA10	VEM	CTTGAATTCCGAGGCAGTAGGCA	TACATCTGTGGCTTCACTA	AACCCAACAGAAGGCTAAAGAAGGTATATTGCTGTTGACAGTGAGCG	TAGTGAAGCCACAGATGTA
140_20161208000_S140_L008_R1_001.fastq.gz	140_20161208000_S140_L008_R2_001.fastq.gz	shRNA10	VEM	CTTGAATTCCGAGGCAGTAGGCA	TACATCTGTGGCTTCACTA	AACCCAACAGAAGGCTAAAGAAGGTATATTGCTGTTGACAGTGAGCG	TAGTGAAGCCACAGATGTA
141_20161208000_S141_L008_R1_001.fastq.gz	141_20161208000_S141_L008_R2_001.fastq.gz	shRNA11	VEH	CTTGAATTCCGAGGCAGTAGGCA	TACATCTGTGGCTTCACTA	AACCCAACAGAAGGCTAAAGAAGGTATATTGCTGTTGACAGTGAGCG	TAGTGAAGCCACAGATGTA
142_20161208000_S142_L008_R1_001.fastq.gz	142_20161208000_S142_L008_R2_001.fastq.gz	shRNA11	VEH	CTTGAATTCCGAGGCAGTAGGCA	TACATCTGTGGCTTCACTA	AACCCAACAGAAGGCTAAAGAAGGTATATTGCTGTTGACAGTGAGCG	TAGTGAAGCCACAGATGTA
143_20161208000_S143_L008_R1_001.fastq.gz	143_20161208000_S143_L008_R2_001.fastq.gz	shRNA11	VEH	CTTGAATTCCGAGGCAGTAGGCA	TACATCTGTGGCTTCACTA	AACCCAACAGAAGGCTAAAGAAGGTATATTGCTGTTGACAGTGAGCG	TAGTGAAGCCACAGATGTA
144_20161208000_S144_L008_R1_001.fastq.gz	144_20161208000_S144_L008_R2_001.fastq.gz	shRNA11	VEH	CTTGAATTCCGAGGCAGTAGGCA	TACATCTGTGGCTTCACTA	AACCCAACAGAAGGCTAAAGAAGGTATATTGCTGTTGACAGTGAGCG	TAGTGAAGCCACAGATGTA
145_20161208000_S145_L008_R1_001.fastq.gz	145_20161208000_S145_L008_R2_001.fastq.gz	shRNA11	VEH	CTTGAATTCCGAGGCAGTAGGCA	TACATCTGTGGCTTCACTA	AACCCAACAGAAGGCTAAAGAAGGTATATTGCTGTTGACAGTGAGCG	TAGTGAAGCCACAGATGTA
146_20161208000_S146_L008_R1_001.fastq.gz	146_20161208000_S146_L008_R2_001.fastq.gz	shRNA11	VEH	CTTGAATTCCGAGGCAGTAGGCA	TACATCTGTGGCTTCACTA	AACCCAACAGAAGGCTAAAGAAGGTATATTGCTGTTGACAGTGAGCG	TAGTGAAGCCACAGATGTA
147_20161208000_S147_L008_R1_001.fastq.gz	147_20161208000_S147_L008_R2_001.fastq.gz	shRNA12	VEH	CTTGAATTCCGAGGCAGTAGGCA	TACATCTGTGGCTTCACTA	AACCCAACAGAAGGCTAAAGAAGGTATATTGCTGTTGACAGTGAGCG	TAGTGAAGCCACAGATGTA
148_20161208000_S148_L008_R1_001.fastq.gz	148_20161208000_S148_L008_R2_001.fastq.gz	shRNA12	VEH	CTTGAATTCCGAGGCAGTAGGCA	TACATCTGTGGCTTCACTA	AACCCAACAGAAGGCTAAAGAAGGTATATTGCTGTTGACAGTGAGCG	TAGTGAAGCCACAGATGTA
149_20161208000_S149_L008_R1_001.fastq.gz	149_20161208000_S149_L008_R2_001.fastq.gz	shRNA12	VEH	CTTGAATTCCGAGGCAGTAGGCA	TACATCTGTGGCTTCACTA	AACCCAACAGAAGGCTAAAGAAGGTATATTGCTGTTGACAGTGAGCG	TAGTGAAGCCACAGATGTA
150_20161208000_S150_L008_R1_001.fastq.gz	150_20161208000_S150_L008_R2_001.fastq.gz	shRNA12	VEH	CTTGAATTCCGAGGCAGTAGGCA	TACATCTGTGGCTTCACTA	AACCCAACAGAAGGCTAAAGAAGGTATATTGCTGTTGACAGTGAGCG	TAGTGAAGCCACAGATGTA
151_20161208000_S151_L008_R1_001.fastq.gz	151_20161208000_S151_L008_R2_001.fastq.gz	shRNA12	VEH	CTTGAATTCCGAGGCAGTAGGCA	TACATCTGTGGCTTCACTA	AACCCAACAGAAGGCTAAAGAAGGTATATTGCTGTTGACAGTGAGCG	TAGTGAAGCCACAGATGTA
152_20161208000_S152_L008_R1_001.fastq.gz	152_20161208000_S152_L008_R2_001.fastq.gz	shRNA12	VEH	CTTGAATTCCGAGGCAGTAGGCA	TACATCTGTGGCTTCACTA	AACCCAACAGAAGGCTAAAGAAGGTATATTGCTGTTGACAGTGAGCG	TAGTGAAGCCACAGATGTA
153_20161208000_S153_L008_R1_001.fastq.gz	153_20161208000_S153_L008_R2_001.fastq.gz	shRNA11	VEM	CTTGAATTCCGAGGCAGTAGGCA	TACATCTGTGGCTTCACTA	AACCCAACAGAAGGCTAAAGAAGGTATATTGCTGTTGACAGTGAGCG	TAGTGAAGCCACAGATGTA
154_20161208000_S154_L008_R1_001.fastq.gz	154_20161208000_S154_L008_R2_001.fastq.gz	shRNA11	VEM	CTTGAATTCCGAGGCAGTAGGCA	TACATCTGTGGCTTCACTA	AACCCAACAGAAGGCTAAAGAAGGTATATTGCTGTTGACAGTGAGCG	TAGTGAAGCCACAGATGTA
155_20161208000_S155_L008_R1_001.fastq.gz	155_20161208000_S155_L008_R2_001.fastq.gz	shRNA11	VEM	CTTGAATTCCGAGGCAGTAGGCA	TACATCTGTGGCTTCACTA	AACCCAACAGAAGGCTAAAGAAGGTATATTGCTGTTGACAGTGAGCG	TAGTGAAGCCACAGATGTA
156_20161208000_S156_L008_R1_001.fastq.gz	156_20161208000_S156_L008_R2_001.fastq.gz	shRNA11	VEM	CTTGAATTCCGAGGCAGTAGGCA	TACATCTGTGGCTTCACTA	AACCCAACAGAAGGCTAAAGAAGGTATATTGCTGTTGACAGTGAGCG	TAGTGAAGCCACAGATGTA
157_20161208000_S157_L008_R1_001.fastq.gz	157_20161208000_S157_L008_R2_001.fastq.gz	shRNA11	VEM	CTTGAATTCCGAGGCAGTAGGCA	TACATCTGTGGCTTCACTA	AACCCAACAGAAGGCTAAAGAAGGTATATTGCTGTTGACAGTGAGCG	TAGTGAAGCCACAGATGTA
158_20161208000_S158_L008_R1_001.fastq.gz	158_20161208000_S158_L008_R2_001.fastq.gz	shRNA11	VEM	CTTGAATTCCGAGGCAGTAGGCA	TACATCTGTGGCTTCACTA	AACCCAACAGAAGGCTAAAGAAGGTATATTGCTGTTGACAGTGAGCG	TAGTGAAGCCACAGATGTA
159_20161208000_S159_L008_R1_001.fastq.gz	159_20161208000_S159_L008_R2_001.fastq.gz	shRNA12	VEM	CTTGAATTCCGAGGCAGTAGGCA	TACATCTGTGGCTTCACTA	AACCCAACAGAAGGCTAAAGAAGGTATATTGCTGTTGACAGTGAGCG	TAGTGAAGCCACAGATGTA
160_20161208000_S160_L008_R1_001.fastq.gz	160_20161208000_S160_L008_R2_001.fastq.gz	shRNA12	VEM	CTTGAATTCCGAGGCAGTAGGCA	TACATCTGTGGCTTCACTA	AACCCAACAGAAGGCTAAAGAAGGTATATTGCTGTTGACAGTGAGCG	TAGTGAAGCCACAGATGTA
161_20161208000_S161_L008_R1_001.fastq.gz	161_20161208000_S161_L008_R2_001.fastq.gz	shRNA12	VEM	CTTGAATTCCGAGGCAGTAGGCA	TACATCTGTGGCTTCACTA	AACCCAACAGAAGGCTAAAGAAGGTATATTGCTGTTGACAGTGAGCG	TAGTGAAGCCACAGATGTA
162_20161208000_S162_L008_R1_001.fastq.gz	162_20161208000_S162_L008_R2_001.fastq.gz	shRNA12	VEM	CTTGAATTCCGAGGCAGTAGGCA	TACATCTGTGGCTTCACTA	AACCCAACAGAAGGCTAAAGAAGGTATATTGCTGTTGACAGTGAGCG	TAGTGAAGCCACAGATGTA
163_20161208000_S163_L008_R1_001.fastq.gz	163_20161208000_S163_L008_R2_001.fastq.gz	shRNA12	VEM	CTTGAATTCCGAGGCAGTAGGCA	TACATCTGTGGCTTCACTA	AACCCAACAGAAGGCTAAAGAAGGTATATTGCTGTTGACAGTGAGCG	TAGTGAAGCCACAGATGTA
164_20161208000_S164_L008_R1_001.fastq.gz	164_20161208000_S164_L008_R2_001.fastq.gz	shRNA12	VEM	CTTGAATTCCGAGGCAGTAGGCA	TACATCTGTGGCTTCACTA	AACCCAACAGAAGGCTAAAGAAGGTATATTGCTGTTGACAGTGAGCG	TAGTGAAGCCACAGATGTA
